author,comments,name,press,price,rank
乔安娜柯尔,582986条评论,神奇校车·桥梁书版（全20册）,贵州人民出版社,¥75.00,21.
金波,180189条评论,乌丢丢的奇遇 曹文轩推荐儿童文学经典书系150000多名读者热评！,北京教育出版社,¥14.30,101.
刘慈欣,55126条评论,三体2：黑暗森林（刘慈欣代表作，亚洲首部雨果奖获奖作品！）,重庆出版社,¥18.90,22.
战国,82951条评论,鬼谷子—中华经典藏书,吉林美术出版社,¥17.50,23.
刘慈欣,55407条评论,三体3：死神永生（刘慈欣代表作，亚洲首部“雨果奖”获奖作品！）,重庆出版社,¥22.80,24.
丹姆,724135条评论,小熊和最好的爸爸（全7册）,贵州人民出版社,¥17.50,25.
丰子恺,47782条评论,丰子恺万般滋味，都是生活,华中科技大学出版社,¥21.00,26.
雷蒙德·钱德勒,47763条评论,漫长的告别（怪不得村上春树读了12遍！每每陷入困境，村上春树便,海南出版社,¥34.50,27.
张嘉骅,440079条评论,少年读史记（套装全5册）,青岛出版社,¥50.00,28.
李渔,187673条评论,笠翁对韵 中华经典儿童启蒙  注音+注释+典故 每日诵读十分钟 打好,中国文史出版社,¥13.10,102.
亚瑟·乔拉米卡利,2700条评论,共情的力量：情商高的人，如何抚慰受伤的灵魂,中国致公出版社,¥24.90,103.
柴静,726635条评论,看见,广西师范大学出版社,¥21.90,104.
老舍,57685条评论,骆驼祥子（新课标）老舍经典小说，更适合青少年阅读的佳本,浙江工商大学出版社,¥16.30,105.
阿西莫夫,117985条评论,银河帝国：基地（被马斯克用火箭送上太空的科幻神作，讲述人类未,江苏文艺出版社,¥17.50,106.
斯凯瑞,391268条评论,斯凯瑞金色童书·第一辑（全4册）,贵州人民出版社,¥41.60,107.
张嘉佳,262445条评论,云边有个小卖部,湖南文艺出版社,¥21.00,29.
渡边淳一,89194条评论,钝感力（渡边淳一经典：具备不为小事动摇的钝感力，才能成为真正,青岛出版社,¥16.00,30.
戴尔·卡耐基,404505条评论,人性的弱点（薛之谦推荐，畅销100万册）【果麦经典】,天津人民出版社,¥16.00,61.
克里斯多福·孟,164127条评论,亲密关系：通往灵魂的桥梁（2015全新修订版）,湖南文艺出版社,¥17.50,108.
墨香铜臭,21520条评论,无羁（墨香铜臭作品）,四川文艺出版社,¥26.40,109.
龙应台,527060条评论,目送：龙应台“人生三书”之三（彩插新版）,广西师范大学出版社,¥25.80,110.
李宗吾,113185条评论,厚黑学(李宗吾著),群言出版社,¥14.90,111.
林奕含,89670条评论,房思琪的初恋乐园,北京联合出版有限公司,¥24.80,121.
余华,184576条评论,许三观卖血记（新版）,作家出版社,¥19.20,81.
黄仁宇,443347条评论,万历十五年 一本好书 腾讯视频栏目推荐,生活.读书.新知三联书店,¥16.00,31.
李思圆,326097条评论,生活需要仪式感 （把温暖和感动带给你在乎的人）,山东文艺出版社,¥18.00,32.
薛兆丰,58951条评论,薛兆丰经济学讲义,中信出版社,¥40.70,33.
陈卫平,531817条评论,写给儿童的中国历史（全14册）,新世界出版社,¥177.50,34.
亚历山德拉·米热林斯卡,638164条评论,地图 人文版（升级版）手绘世界地图 儿童百科绘本,贵州人民出版社,¥84.00,62.
墨羽◎,12336条评论,受益一生的墨菲定律,中国商业出版社,¥24.50,63.
怀特,530405条评论,夏洛的网（新）,上海译文出版社,¥16.50,64.
山下英子,394257条评论,断舍离,广西科学技术出版社,¥16.00,65.
斯蒂文·谢尔弗,189193条评论,美国儿科学会育儿百科（第6版，2018全新增订),北京科学技术出版社,¥53.20,66.
古斯塔夫·勒庞,118238条评论,乌合之众 : 大众心理研究,民主与建设出版社,¥10.90,67.
姜自霞,181261条评论,魔法拼音国（套装 共7册）,浙江少年儿童出版社,¥49.00,112.
达芙妮·斯金纳,169412条评论,数学帮帮忙（全25册）多功能数学绘本,新蕾出版社,¥112.50,113.
罗伯特·清崎,312562条评论,富爸爸穷爸爸（20周年修订版）（团购，请致电010-57993380）,四川人民出版社,¥27.90,114.
赖德·卡罗尔,8750条评论,子弹笔记（INS爆红，YouTube千万点赞的超级笔记术）,北京联合出版有限公司,¥30.80,122.
英格丽,90179条评论,多莱尔的希腊神话书（畅销千万册，纽约公共图书馆“百年百佳书”,江苏教育出版社,¥43.10,82.
莳田晋至,189290条评论,在教室说错了没关系,青岛出版社,¥18.00,83.
史蒂夫,159328条评论,养育男孩（典藏版）,中信出版社,¥16.00,84.
奥斯特洛夫斯基,56782条评论,钢铁是怎样炼成的（新课标）非改写，更适合青少年阅读，越是艰苦,浙江工商大学出版社,¥19.20,85.
马克·吐温,62298条评论,汤姆·索亚历险记（新课标全译本，万条读者五星好评，北大著名翻,浙江工商大学出版社,¥17.80,86.
盖温·肯尼迪,53061条评论,谈判：如何在博弈中获得更多(第四版)Everything is Negotiable,民主与建设出版社,¥20.70,35.
佟洵,12669条评论,国家宝藏 100件文物讲述中华文明史,四川人民出版社,¥49.90,36.
佐佐木圭一,586067条评论,所谓情商高，就是会说话,北京联合出版公司,¥16.00,37.
黑柳彻子,915650条评论,窗边的小豆豆(2018版),南海出版公司,¥29.60,38.
哥伦,405390条评论,霍乱时期的爱情（2015版）  一本好书 腾讯视频栏目推荐,南海出版公司,¥34.20,68.
芥川龙之介,93485条评论,罗生门（芥川龙之介小说集）《人间失格》作者太宰治是芥川的头号,时代文艺出版社,¥13.30,69.
加·泽文,1059384条评论,岛上书店（每个人的生命中，都有无比艰难的那一年，将人生变得美,江苏文艺出版社,¥17.50,70.
莱曼·弗兰克·鲍姆,105627条评论,百年童话绘本·典藏版（全套30册）当当2018年度常青藤畅销书奖，,北京联合出版公司,¥199.80,71.
怀左同学,55638条评论,我这么自律，就是为了不平庸至死（500册亲笔签名本随机发）,北京联合出版有限公司,¥17.80,72.
孙武,64178条评论,孙子兵法·三十六计（新课标，完整原文+详细注释+准确翻译+历史故,浙江工商大学出版社,¥18.50,115.
弗雷德里克·巴克曼,277021条评论,外婆的道歉信（马思纯领读书目，人民日报、央视推荐。年度口碑爆,天津人民出版社,¥21.00,116.
稻盛和夫,172543条评论,阿米巴经营——畅销十周年纪念版，当当全国独家（团购，请致电01,中国大百科全书出版社,¥17.50,117.
戴尔·卡耐基,70399条评论,人性的弱点大全集（人性的弱点+人性的优点）（薛之谦推荐。20世纪,天津人民出版社,¥33.00,118.
东野圭吾,432794条评论,东野圭吾：恶意（2016版，东野圭吾四大杰作之一）,南海出版公司,¥29.60,119.
琬如,10323条评论,飞花令里读诗词 第二辑 风花雪月 套装共4册 赠古诗词临摹字帖,四川人民出版社,¥59.40,123.
何权峰,103440条评论,格局,江苏文艺出版社,¥18.00,124.
中国教育科学研究院早期教育研究中心,25541条评论,《幼儿学古诗（全2册）》,教育科学出版社,¥40.00,125.
七尾纯,201339条评论,可爱的身体 （全8册）,南海出版公司,¥59.00,126.
凯利,458339条评论,自控力（畅销300万册纪念版！斯坦福大学广受欢迎的心理学课程！从,文化发展出版社,¥31.10,127.
大冰,455551条评论,你坏（大冰2018作品！预售10分钟8.6万册+，30分钟突破11.8万册，,湖南文艺出版社,¥22.90,128.
乔瑞玲,67878条评论,董卿：做一个有才情的女子,百花洲文艺出版社,¥19.90,87.
刘慈欣,1232条评论,刘慈欣科幻作品典藏套装,重庆出版社,¥149.00,88.
陈磊,861793条评论,半小时漫画中国史1+中国史2+中国史3+世界史（套装共4册，作者签章,江苏文艺出版社,¥79.80,89.
高士其,45892条评论,细菌世界历险记（中小学语文新课标必读名著 ）菌儿自传 高士其科,人民邮电出版社,¥14.80,90.
入山智,105422条评论,小鸡球球触感玩具书：全5册,长江少年儿童出版社,¥125.00,91.
加西亚·马尔克斯,1230293条评论,马尔克斯：百年孤独（50周年纪念版）,南海出版公司,¥41.30,39.
安托万·德·圣埃克苏佩里,934014条评论,小王子（畅销300万册，作者基金会官方认证简体中文版）【果麦经典,天津人民出版社,¥16.00,40.
冯友兰,141155条评论,中国哲学简史（独家附赠冯友兰先生历史老照片),北京大学出版社,¥24.80,73.
毛姆,300865条评论,月亮和六便士（全新导读无删节详注版！ 半年创当当110000名读者五,时代文艺出版社,¥11.80,74.
余华,179274条评论,活着（精装版，余华代表作，易烊千玺推荐阅读版本）,北京十月文艺出版社,¥21.00,75.
蔡康永,10488条评论,蔡康永经典系列套装（蔡康永的说话之道1.2+蔡康永的情商课）,湖南文艺出版社,¥53.00,76.
克莱儿·麦克福尔,1105047条评论,摆渡人（如果命运是一条孤独的河流，谁会是你灵魂的摆渡人？）,百花洲文艺出版社,¥17.90,77.
乔斯坦·贾德,106840条评论,苏菲的世界（新版）,作家出版社,¥28.50,120.
琬如,70722条评论,飞花令里读诗词 第一辑 春夏秋冬 套装共4册,时代文艺出版社,¥49.50,129.
玛乌戈热塔·梅切尔斯卡,12911条评论,《不可思议的发明》手绘科普绘本,贵州人民出版社,¥38.00,130.
斯塔夫里阿诺斯,257373条评论,全球通史:从史前史到21世纪（第7版修订版上下册，当当独家赠送全,北京大学出版社,¥59.60,131.
贾平凹,619802条评论,自在独行     贾平凹的独行世界,长江文艺出版社,¥19.50,132.
说词解字辞书研究中心,123756条评论,小学生必背古诗词75+80首 近12万多读者好评，不同印次随机发货。,华语教学出版社,¥21.70,92.
瑞·达利欧,139498条评论,原则 principles 雷·达里奥著 跨年演讲推荐图书 团购电话:40010,中信出版社,¥58.80,93.
林语堂,297599条评论,苏东坡传（林语堂精装2018版）（1-9年级必读书单）,湖南文艺出版社,¥26.00,94.
林汉达,216732条评论,上下五千年（最新版）,少年儿童出版社,¥44.00,95.
克利斯提昂,559964条评论,不一样的卡梅拉手绘本（1-12册）,２１世纪出版社,¥67.00,96.
马歇尔,268559条评论,非暴力沟通,华夏出版社,¥38.70,97.
玖月晞,28063条评论,少年的你，如此美丽(金马影后周冬雨 ，TFBOYS当红小生易烊千玺主,百花洲文艺出版社,¥16.00,98.
伊丽莎白·弗迪克,111725条评论,手不是用来打人的（儿童好品德系列，全5册）,贵州教育出版社,¥49.50,78.
玛兹丽施,519738条评论,如何说孩子才会听 怎么听孩子才肯说（全新修订版）,中央编译出版社,¥18.40,133.
歪歪兔关键期早教项目组,70189条评论,学会管自己幼儿版-歪歪兔自控力教育系列绘本,海豚出版社,¥51.70,134.
曹雪芹,257940条评论,红楼梦原著版（上、下册）（全两册）（1-9年级必读书单）,人民文学出版社,¥32.80,135.
莫提默·J.艾德勒,244722条评论,如何阅读一本书,商务印书馆,¥29.90,136.
王国维,354624条评论,人间词话（近代极富盛名的词话著作，集编、校、释、评于一体，赏,北京联合出版公司,¥12.80,137.
林清玄,103722条评论,人生最美是清欢（林清玄经典散文集，执笔45周年白金纪念版！）,北京十月文艺出版社,¥34.20,99.
戴维·伽特森,264799条评论,雪落香杉树 (福克纳奖得主，全球畅销500万册),作家出版社,¥26.00,100.
儒勒·凡尔纳,91410条评论,海底两万里（新课标）,浙江工商大学出版社,¥18.50,79.
老杨的猫头鹰,195694条评论,好看的皮囊千篇一律，有趣的灵魂万里挑一（老杨的猫头鹰最新作品,现代出版社,¥19.90,80.
克兰兹,166117条评论,独一无二的你+勇敢做自己,北京科学技术出版社,¥29.00,181.
简·尼尔森,661760条评论,《正面管教》修订版,北京联合出版公司,¥21.30,41.
天下霸唱,117145条评论,鬼吹灯全集 网剧黄皮子坟正在热映 套装共8册,青岛出版社,¥124.20,138.
尹建莉,251230条评论,好妈妈胜过好老师（700万册纪念版）,作家出版社,¥24.50,139.
佐佐木洋子,669199条评论,小熊宝宝绘本（2018版全15册）蒲蒲兰经典畅销绘本！新手妈妈的育,连环画出版社,¥67.20,140.
三毛,193550条评论,三毛全集02：撒哈拉的故事（1-9年级必读书单）,北京十月文艺出版社,¥24.20,182.
傅雷,47882条评论,傅雷家书（经典译林 精装本）,译林出版社,¥39.50,183.
巫哲,16259条评论,撒野（巫哲新书）,北京联合出版有限公司,¥24.80,184.
英国DK公司,102949条评论,DK幼儿百科全书——那些重要的事,中国大百科全书出版社,¥69.00,42.
尤瓦尔·赫拉利,420787条评论,见识城邦·人类简史：从动物到上帝（新版）  一本好书 腾讯视频栏,中信出版社,¥40.80,43.
孙幼军,282697条评论,小猪唏哩呼噜(注音版上、下),春风文艺出版社,¥17.40,44.
高铭,1060467条评论,天才在左 疯子在右(2018全新完整版),北京联合出版有限公司,¥24.90,45.
刘慈欣,4654条评论,流浪地球,万卷出版公司,¥17.50,46.
稻盛和夫,173334条评论,活法,东方出版社,¥16.20,161.
玛丽.居里,19439条评论,居里夫人传（初中语文课外阅读经典读本 教育部推荐中小学生新课标,团结出版社,¥15.50,185.
太宰治,894016条评论,人间失格（日本小说家太宰治的自传体小说）,作家出版社,¥10.50,1.
海明威,264526条评论,诺奖少年版（全套30册）2018年中童书畅销榜TOP3！日销售ZUI高达5,辽宁少年儿童出版社,¥237.60,201.
路遥,900145条评论,平凡的世界：全三册（朱一龙推荐，八年级下册自主阅读推荐）,北京十月文艺出版社,¥74.50,47.
傅雷,17887条评论,傅雷家书（部编本语文教材八年级下册推荐阅读）,北岳文艺出版社,¥22.60,48.
东野圭吾,2035963条评论,东野圭吾：解忧杂货店（王俊凯、迪丽热巴主演，这家店帮你找回内,南海出版公司,¥27.30,49.
玛丽,22700条评论,国际大奖科普绘本（全6册） 获美国妈妈最佳选择奖金奖、美国月光,辽宁少年儿童出版社,¥58.10,50.
伍绮诗,345529条评论,无声告白（就是她！征服欧美文坛的华裔作家！）,江苏文艺出版社,¥17.50,162.
周霞,11354条评论,拼音真好玩（全彩6册）（从幼小衔接到一年级，拼音学习必备启蒙书,电子工业出版社,¥49.50,163.
史蒂芬·柯维,213743条评论,高效能人士的七个习惯（30周年纪念版）：打造一套全新的思维方式,中国青年出版社,¥58.50,164.
杉泽,74180条评论,观山海（“百鬼画师”杉泽绝美诠释山海经）,湖南文艺出版社,¥92.40,165.
蕊希,87774条评论,总要习惯一个人（蕊希2018年全新力作）,湖南文艺出版社,¥24.90,166.
太宰治,14585条评论,人间失格（新版！太宰治逝世70周年无删节典藏版，日本野间文艺翻,江苏文艺出版社,¥19.90,167.
吴敬梓,126157条评论,儒林外史(56回全本，内容考证、文字句读全新修订版。),花山文艺出版社,¥11.70,168.
路遥,267069条评论,人生（影响千万青年的励志名篇-- 马云、贾樟柯倾情推荐！）,北京十月文艺出版社,¥18.80,186.
张瑞征,40045条评论,小学生必背文言文 学生版 教育部（语文课程标准）指定篇目,中国少年儿童出版社,¥14.10,187.
王小波,75052条评论,沉默的大多数（又名《一只特立独行的猪》）,北京联合出版公司,¥16.00,188.
戈登,101063条评论, PET  P.E.T.父母效能训练:让亲子沟通如此高效而简单,中国发展出版社,¥16.50,189.
罗伯特·B.西奥迪尼,125324条评论,影响力（经典版）（新版）（团购，请致电010-57993380）,北京联合出版公司,¥34.70,190.
德鲁克,203199条评论,卓有成效的管理者（珍藏版）（团购，请致电010-57993380）,机械工业出版社,¥18.00,191.
刘慈欣,49366条评论,流浪的地球（刘慈欣作品，根据本书改编的同名电影2019春节上映。,浙江教育出版社,¥14.50,2.
刘慈欣,49422条评论,银火箭少年科幻系列 （8册。亚洲首位“雨果奖”得主刘慈欣主编，,浙江教育出版社,¥125.40,3.
余华,1946101条评论,活着（2017年新版）,作家出版社,¥19.60,4.
乔安娜柯尔,946496条评论,神奇校车·图画书版（全12册，新增《科学博览会》1册）,贵州人民出版社,¥99.00,5.
周国平,437854条评论,我喜欢生命本来的样子(周国平经典散文作品集),作家出版社,¥22.50,6.
刘慈欣,10046条评论,流浪地球：刘慈欣授权，电影原著小说,中国华侨出版社,¥26.22,7.
陈果,150818条评论,复旦名师陈果：好的孤独（复旦名师陈果博士，用哲学的方式告诉你, 江苏凤凰文艺出版社,¥18.00,8.
高春香,534783条评论,这就是二十四节气（中国二十四节气彩绘版，文津图书奖获奖绘本，,海豚出版社,¥50.00,51.
闫仲渝,15802条评论,傅雷家书（新课标经典文学名著金库名师精评版！名校班主任、语文,天地出版社,¥16.00,202.
东野圭吾,118069条评论,放学后（东野圭吾成名作）,南海出版公司,¥33.70,203.
东野圭吾,656712条评论,东野圭吾：嫌疑人X的献身（王凯、张鲁一推荐，至为纯粹的爱情，绝,南海出版公司,¥26.30,204.
陈忠实,75366条评论,白鹿原,作家出版社,¥19.00,205.
王小波,221730条评论,一只特立独行的猪,北京十月文艺出版社,¥22.80,206.
北京小红花图书工作室,59175条评论,邦臣小红花·0-3岁专注力训练贴纸书 全6册,中国人口出版社,¥35.40,207.
贾雷德.戴蒙德,90051条评论,枪炮、病菌与钢铁——人类社会的命运(修订版）,上海译文出版社,¥27.50,208.
北猫,116350条评论,米小圈上学记一年级（套装共4册）,四川少儿出版社,¥50.00,169.
斯蒂芬·茨威格,76353条评论,一个陌生女人的来信（茨威格中短篇小说选，豆瓣9.4高评分译作，德,时代文艺出版社,¥9.90,170.
北猫,185246条评论,米小圈漫画成语（套装共4册）,四川少儿出版社,¥37.00,171.
克莱儿·麦克福尔,327603条评论,摆渡人2：重返荒原（每一个镌刻着爱与善意的灵魂，都会成为我们生,百花洲文艺出版社,¥21.40,172.
卡罗尔·德韦克,54407条评论,终身成长：重新定义成功的思维模式,江西人民出版社,¥37.30,173.
林清玄,61671条评论,愿你，归来仍是少年（林清玄启悟人生系列）,长江文艺出版社,¥19.70,192.
村上春树,177454条评论,挪威的森林（2018年新版，村上春树的残酷青春物语，现象级的超级,上海译文出版社,¥24.00,193.
林清玄,15407条评论,林清玄散文精选（套装两册）,作家出版社,¥28.00,194.
海伦·帕尔默,83683条评论,九型人格 : 职场高品质沟通的艺术,北京联合出版公司,¥19.50,195.
吉田纯子,247712条评论,0-4岁幼儿认知小百科（全3册),长江少年儿童出版社,¥59.70,196.
刘慈欣,628786条评论,三体：全三册 刘慈欣代表作，亚洲首部“雨果奖”获奖作品！,重庆出版社,¥52.50,9.
沈复,815991条评论,浮生六记 （汪涵、胡歌推荐，畅销200万册。沈复给芸娘的绝美情书,天津人民出版社,¥16.00,10.
爱华文,781条评论,中国传统节日故事 小学语文课外读物 （收录专家解读节日和习俗，,团结出版社,¥14.20,241.
黄静洁,37299条评论,父母的格局：成就孩子的“第三种力量”  朱丹 马伊琍推荐,中国妇女出版社,¥31.10,261.
张德芬,191836条评论,遇见未知的自己（全新修订版）,湖南文艺出版社,¥19.00,221.
南怀瑾,13896条评论,论语别裁（独家授权简体版套装两册）,东方出版社,¥49.00,141.
杨绛,1127003条评论,我们仨（新版）,生活.读书.新知三联书店,¥16.00,52.
迪卡米洛,132747条评论,国际大奖小说——爱德华的奇妙之旅（精装本）,新蕾出版社,¥18.00,209.
让娜·阿什比,71291条评论,0-3岁行为习惯教养绘本（全6册）,长江少年儿童出版社,¥50.40,210.
夏洛蒂勃朗特,114710条评论,简爱（浙大翻译家宋兆霖翻译，未删减全本。）九年级下册必读书目,作家出版社,¥14.00,211.
阿梅莉·卡斯唐,90011条评论,去旅行系列（全2册）法国教育部推荐！深度知识体系的人文地理百科,广西科学技术出版社,¥108.00,212.
史蒂芬·霍金,431731条评论,时间简史（插图本）（央视《朗读者》推荐）,湖南科技出版社,¥31.05,174.
曹文轩,233239条评论,曹文轩纯美小说：草房子,江苏凤凰少年儿童出版社,¥11.00,175.
乔安娜柯尔,335135条评论,神奇校车·动画版（全10册）,贵州人民出版社,¥59.00,197.
蔡崇达,589042条评论,皮囊（畅销250万册的国民读本，韩寒监制，刘德华、李敬泽作序。繁,天津人民出版社,¥21.80,11.
卡勒德·胡赛尼,2260114条评论,追风筝的人（2018年新版）,上海人民出版社,¥18.00,12.
陈果,53557条评论,懂你（复旦名师陈果作品！）,山东画报出版社,¥12.00,13.
刘瑜,42201条评论,愿你慢慢长大（与刘瑜、周国平、冯唐等名家一起开始一场温柔的教,北京联合出版有限公司,¥21.20,242.
J.K.罗琳,136297条评论,哈利·波特与魔法石（《语文》教材推荐阅读书目，外国儿童文学经,人民文学出版社,¥27.40,243.
林良,20877条评论,中国传统节日故事（全8册）,贵州人民出版社,¥84.00,244.
马良坤,20066条评论,怀孕一天一页（第二版）（汉竹）,江苏科学技术出版社,¥24.70,262.
多米蒂耶·德普雷桑塞,10495条评论,红帽子艾米莉（共24册） 法国经典畅销绘本，助孩子轻松解决成长问,辽宁少年儿童出版社,¥78.10,263.
英国快乐瓢虫出版公司,268056条评论,小猪佩奇（全10册）,安徽少年儿童出版社,¥60.00,222.
稻盛和夫,78360条评论,干法（团购，请致电010-57993380）,机械工业出版社,¥25.00,223.
本吉·戴维斯,73365条评论,小熊很忙系列（套装全16册）,中信出版社,¥295.00,224.
傅雷,76558条评论,傅雷家书(学生读本),译林出版社,¥24.10,225.
约翰范登,90764条评论,不可不知的科学,长江少年儿童出版社,¥24.00,142.
思睿,102261条评论,唐诗三百首 小学生 成长必读 绘本 注音版,北方妇女儿童出版社,¥22.00,143.
凯勒,123786条评论,假如给我三天光明（新课标，名家翻译，非改写&非编译本，海伦·凯,安徽教育出版社,¥13.30,213.
陈卫平,192735条评论,写给儿童的中国地理（全14册）,新世界出版社,¥196.00,214.
蔡康永,67139条评论,蔡康永的情商课：为你自己活一次（印章版）,湖南文艺出版社,¥31.50,53.
卡耐基,103861条评论,人性的弱点,北京联合出版公司,¥13.40,54.
美曼狄诺,63644条评论,羊皮卷大全集（畅销珍藏本）,黑龙江科学技术出版社,¥17.50,55.
艾伦·贝克尔,174514条评论,不可思议的旅程（凯迪克大奖绘本三部曲）,新星出版社,¥59.40,176.
冰波,47700条评论,蓝鲸的眼睛 曹文轩推荐儿童文学经典书系 15000多名读者热评！,北京教育出版社,¥12.90,177.
当年明月,169093条评论,明朝那些事儿全集 增补版（新版全套9册）,北京联合出版有限公司,¥178.20,178.
J.J.艾布拉姆斯,101299条评论,S.忒修斯之船（简体中文典藏复刻版）,中信出版社,¥100.80,179.
王小波,75765条评论,爱你就像爱生命（精装彩插典藏版）,湖南文艺出版社,¥19.90,198.
曹文轩,249869条评论,曹文轩文集典藏版（全7册）,天天出版社有限责任公司,¥84.00,199.
董卿,68275条评论,朗读者（青少版） 人民文学出版社,人民文学出版社,¥30.80,200.
耿帅,216897条评论,所有失去的都会以另一种方式归来（随书附赠限量珍藏版明信片×精,九州出版社,¥19.90,14.
叶楚桥,1026条评论,桃李春风一杯酒：唐朝诗人的快意人生 （中国诗词大会通关必读，独,贵州人民出版社,¥25.00,15.
陈果,150741条评论,复旦名师陈果：好的爱情（陈果的爱情哲学课，用哲学的方式告诉你,人民日报出版社,¥19.50,16.
阿尔弗雷德阿德勒,38614条评论,自卑与超越（白岩松推荐，超越自卑完整全译本）,浙江文艺出版社,¥16.00,245.
安德烈·艾席蒙,53066条评论,夏日终曲（第90届奥斯卡获奖电影《请以你的名字呼唤我》原著小说,外语教学与研究出版社,¥22.00,246.
乔治·奥威尔,58988条评论,一九八四（又译作“1984”）,时代文艺出版社,¥13.70,247.
北猫,90146条评论,米小圈上学记二年级（套装共4册）,四川少儿出版社,¥50.00,248.
陈丹燕,139453条评论,我的妈妈是精灵(百万纪念版，全新修订，入选小学生基础阅读书目）,福建少年儿童出版社,¥12.50,249.
莫言,3394条评论,莫言给孩子的八堂文学课(莫言给孩子们的文学启蒙读本，当当上市次,浙江文艺出版社,¥27.00,264.
姜戎,271431条评论,狼图腾(修订版)（一部描绘、研究蒙古草原狼的“旷世奇书”）（1-,长江文艺出版社,¥19.90,265.
扶霞·邓洛普,11557条评论,译文纪实系列·鱼翅与花椒,上海译文出版社,¥24.00,266.
保罗·柯艾略,395242条评论,牧羊少年奇幻之旅（央视《朗读者》、湖南卫视《天天向上》、黄轩,北京十月文艺出版社,¥26.30,281.
皮姆,118208条评论,我不敢说，我怕被骂,北京联合出版公司,¥22.60,226.
去旅行,10852条评论,去旅行系列（中国版）2018年度最值得期待的原创作品,广西科学技术出版社,¥54.00,144.
柳青,52870条评论,创业史（七年级下册自主阅读推荐）,中国青年出版社,¥23.70,145.
梭罗,437741条评论,瓦尔登湖(珍藏本) 朗读者朗读书目,中国三峡出版社,¥14.20,146.
理查德·波克斯,5206条评论,21天精通素描,百花洲文艺出版社,¥24.90,215.
杨其铎,166255条评论,四五快读 全彩图升级版——幼儿快速识字阅读法（全8册）(让孩子爱,湖南科技出版社,¥134.00,216.
野口哲典,65361条评论,数学原来可以这样学（畅销日本300万册，小学生家长必备。让孩子爱,湖南人民出版社,¥26.50,217.
郑利强,501535条评论,我的第一本地理启蒙书,新世界出版社,¥24.90,56.
慕颜歌,335262条评论,你的善良必须有点锋芒,古吴轩出版社,¥16.40,57.
罗广斌,269381条评论,红岩（七年级下册必读）,中国青年出版社,¥22.70,58.
李宗吾,28920条评论,厚黑学全集（足本典藏版，林语堂、南怀瑾、柏杨、李敖历经沉浮，,中国友谊出版公司,¥12.50,59.
Anne,149695条评论,怀孕圣经（2018全新升级修订版）,山东科学技术出版社,¥32.90,180.
张文成,86652条评论,墨菲定律,古吴轩出版社,¥16.40,17.
刘慈欣,83189条评论,三体（刘慈欣代表作，亚洲首部雨果奖获奖作品！）,重庆出版社,¥13.80,18.
卡罗尔·罗思,70419条评论,把坏脾气收起来,北京科学技术出版社,¥18.00,250.
高苏珊娜,251616条评论,法布尔昆虫记（全10册）（儿童彩图版）,北京科学技术出版社,¥99.00,251.
武志红,126471条评论,为何家会伤人（武志红代表作2018百万畅销纪念版）,北京联合出版有限公司,¥28.70,252.
卡鲁恩·霍尔,753条评论,真正厉害的人，都能掌控自己的情绪,中国致公出版社,¥21.00,253.
佐野洋子,248618条评论,活了100万次的猫（珍藏版）,接力出版社,¥27.00,267.
松田孝,12304条评论,孩子看的编程启蒙书（全4册）,青岛出版社,¥49.00,268.
安德斯·艾利克森,111355条评论,刻意练习：如何从新手到大师,机械工业出版社,¥23.40,269.
张爱玲,259276条评论,张爱玲全集01：倾城之恋（2012年全新修订版，收录《金锁记》《第,北京十月文艺出版社,¥22.40,270.
蒋勋,104741条评论,孤独六讲,长江文艺出版社,¥26.40,282.
中江嘉男,231334条评论,可爱的鼠小弟（1-12）,南海出版公司,¥99.00,283.
龙应台,59501条评论,天长地久：给美君的信（龙应台2018全新力作）,湖南文艺出版社,¥40.00,147.
冯骥才,133111条评论,俗世奇人（全二册）（第七届鲁迅文学奖获奖作品）,作家出版社,¥20.00,148.
骆玉明,67410条评论,诗经（韩寒推荐，全三册注音插图版）,三秦出版社,¥69.00,149.
Steve,97664条评论,养育女孩,中信出版社,¥16.00,150.
J.K.罗琳,63118条评论,哈利·波特与死亡圣器（《语文》教材推荐阅读书目，外国儿童文学,人民文学出版社,¥49.00,227.
林格伦,119494条评论,林格伦儿童文学作品集·典藏版——长袜子皮皮,中国少年儿童出版社,¥14.00,218.
阿加莎.克里斯蒂,159071条评论,无人生还：阿加莎 克里斯蒂作品集10（销售记录超过一亿册的侦探小,新星出版社,¥16.70,219.
李诞,70392条评论,冷场（李诞2018年新书）,四川文艺出版社,¥21.00,220.
东野圭吾,1233111条评论,东野圭吾：白夜行（2017版，易烊千玺、韩雪推荐，东野圭吾无冕之,南海出版公司,¥41.10,60.
钱钟书,651817条评论,围城,人民文学出版社,¥24.40,19.
毛姆,450781条评论,月亮与六便士（新版未删节！当当名著销量桂冠！豆瓣阅读桂冠！上,浙江文艺出版社,¥22.70,20.
尼古拉斯·艾伦,209936条评论,小威向前冲,贵州人民出版社,¥18.00,254.
培生集团,299467条评论,培生幼儿英语：预备级（升级版）,湖北少儿出版社,¥59.00,255.
夏目漱石,93718条评论,我是猫（人类一思考，猫君就发笑。日本“国民大师”夏目漱石笔下,浙江文艺出版社,¥19.90,271.
亨利戴维梭罗,140819条评论,瓦尔登湖（瓦尔登湖畔，不只是身体的栖息之所，更是精神的沉思之,作家出版社,¥12.50,361.
兰道尔·门罗,33213条评论,万物解释者,北京联合出版公司,¥52.80,341.
老舍,11725条评论,骆驼祥子（“教育部统编《语文》推荐阅读丛书”）,人民文学出版社,¥20.20,284.
歪歪兔关键期早教项目组,159072条评论,歪歪兔行为习惯系列互动图画书（全10册，赠完整版动画片DVD）,海豚出版社,¥45.00,285.
中国诗词大会栏目组,71014条评论,中国诗词大会 第二季上下册（全两册）,北京联合出版有限公司,¥46.50,286.
奥斯丁,88967条评论,傲慢与偏见（孙致礼先生的译本，幽默&唯美，豆瓣评分9.1分）,西安交通大学出版社,¥14.80,321.
薛兆丰,22107条评论,经济学通识（第二版）,北京大学出版社,¥37.50,301.
兰道尔·门罗,61354条评论,what if那些古怪又让人忧心的问题（珍藏版）,北京联合出版公司,¥36.10,381.
张天翼,32842条评论,大林和小林（新课标全本，荣获豆瓣8.9高评分的经典童话，被誉为中,浙江工商大学出版社,¥13.70,151.
艾德兰,134641条评论,我们的身体,未来出版社,¥77.50,152.
阿斯特丽德·林格伦,385075条评论,新版林格伦作品选集·美绘版 长袜子皮皮,中国少年儿童出版社,¥11.50,228.
稻盛和夫,9915条评论,稻盛和夫阿米巴经营经典套装（理论+实践）（当当独家定制套装）（,中国大百科全书出版社,¥42.00,229.
丹尼尔·笛福,44764条评论,鲁滨孙漂流记(新课标，鲁滨逊漂流记，据英文原版全译本),浙江工商大学出版社,¥21.30,230.
毛泽东,38729条评论,毛泽东选集（全四册，32开）,   ,¥60.80,256.
简·尼尔森,90410条评论,《0～3岁孩子的正面管教》,北京联合出版公司,¥21.40,257.
哈珀·李,64236条评论,杀死一只知更鸟（精装）,译林出版社,¥29.70,258.
冬野一子,4117条评论,0-3岁亲子游戏纸板书（全5册）,长江少年儿童出版社,¥99.50,259.
陈磊,730794条评论,半小时漫画中国史3（《半小时漫画中国史》系列第3部，其实是一本,海南出版社,¥19.90,272.
中江嘉男,101111条评论,可爱的鼠小弟（1-22）,南海出版公司,¥193.00,273.
尼娜兰登,180170条评论,猜猜我是谁系列套装（全4册）,北京联合出版公司,¥50.00,274.
安房直子,87440条评论,安房直子幻想小说系列（共6册）,少年儿童出版社,¥51.00,362.
刘慈欣,654条评论,刘慈欣少儿科幻系列（全六册）,科学普及出版社,¥123.00,363.
北猫,104892条评论,米小圈上学记四年级（套装共4册）,四川少儿出版社,¥50.00,364.
陈磊,173675条评论,半小时漫画世界史（其实是一本严谨的极简世界史。）,江苏凤凰文艺出版社,¥19.90,365.
米切尔.恩德,132612条评论,犟龟,二十一世纪出版社,¥18.00,342.
蕾秋·乔伊斯,269269条评论,一个人的朝圣（新版）,北京联合出版有限公司,¥19.90,343.
安娜·鲁斯曼,251599条评论,德国精选科学图画书 （肚子里有个火车站+牙齿大街的新鲜事，套装,北京科学技术出版社,¥35.00,287.
张嘉佳,1001599条评论,从你的全世界路过,湖南文艺出版社,¥18.00,288.
刘慈欣,31282条评论,三体（典藏版）,重庆出版社,¥15.60,289.
哈珀.李,226669条评论,杀死一只知更鸟（纪念版）,译林出版社,¥25.10,290.
F.S.菲兹杰拉德,47167条评论,了不起的盖茨比（我抹掉过去，只为了让爱重来！2018全新译本，诗,时代文艺出版社,¥11.40,322.
菅波,15109条评论,宝宝喜爱的睡前胎教故事：Honey，让爸爸的声音陪伴你,中国轻工业出版社,¥16.40,323.
Sheryl,94588条评论,向前一步(珍藏版),中信出版社,¥28.50,324.
日野原重明,11478条评论,活好 我这样活到105岁,人民邮电出版社,¥22.50,325.
曹天元,148375条评论,上帝掷骰子吗？量子物理史话（科学性和故事性的完美结合，具有超,北京联合出版公司,¥18.40,326.
理查德.格里格,203248条评论,心理学与生活（第16版，中文版）,人民邮电出版社,¥56.40,302.
李雪,89321条评论,[武志红力荐]当我遇见一个人（母亲即命运，知名心理学家李雪真诚,北京联合出版公司,¥19.30,303.
乔安娜柯尔,242085条评论,神奇校车·阅读版（全16册）,贵州人民出版社,¥64.00,304.
珊蒂克雷文,208685条评论,学会爱自己（教孩子免受性侵犯！学会保护自己！）（全3辑，共14册,青岛出版社,¥96.00,382.
莫言,41299条评论,丰乳肥臀（莫言作品全编）,浙江文艺出版社,¥27.00,383.
东野圭吾,216014条评论,东野圭吾：时生（东野圭吾暖心力作）,南海出版公司,¥29.60,384.
蒂姆·邓普顿,674条评论,销售就是玩转朋友圈：销售精英都在用的8大利器，实现销量爆发式增,中国友谊出版公司,¥18.70,385.
霍达,204587条评论,穆斯林的葬礼（2015版）,北京十月文艺出版社,¥37.40,386.
安东尼·布朗,377488条评论,我爸爸+我妈妈（全2册）,   ,¥46.50,153.
北猫,192465条评论,米小圈脑筋急转弯（套装共4册）,四川少儿出版社,¥32.00,154.
古田足日,179835条评论,一年级大个子二年级小个子（注音版）,接力出版社,¥15.60,155.
刘慈欣,21124条评论,刘慈欣合集《2018》与《时间移民》（共2册）,江苏文艺出版社,¥32.00,156.
董肖娴,1917条评论,小黑漫游记（全3册）,湖南少年儿童出版社,¥63.10,157.
芭芭拉.明托,244969条评论,金字塔原理（麦肯锡40年经典培训教材）,南海出版公司,¥24.50,158.
乔安娜·柯尔,121304条评论,神奇校车·手工益智版（全8册）,贵州人民出版社,¥60.00,159.
曹文轩,188586条评论,曹文轩纯美小说：青铜葵花,江苏少年儿童出版社,¥11.00,160.
柳井正,15536条评论,经营者养成笔记  优衣库 UNIQLO 柳井正 （团购，请致电010-57993,机械工业出版社,¥36.50,421.
山姆·麦克布雷尼,480592条评论,信谊世界精选图画书·猜猜我有多爱你,明天出版社,¥33.63,231.
李筱懿,101183条评论,情商是什么（杨澜、吴晓波联袂推荐。所谓情商高，绝不仅仅是会说,浙江文艺出版社,¥19.50,232.
宫西达也,12467条评论,宫西达也精选绘本（数学绘本+超人绘本+暖心绘本！第2辑，全5册）,青岛出版社,¥44.00,233.
老舍,19004条评论,骆驼祥子 七年级下 人教版名著阅读课程化丛书 教育部统编教材推荐,人民教育出版社,¥27.90,234.
弗雷德里克·巴克曼,20367条评论,熊镇（吴磊领读书目，马天宇私人书单，新的一年起，找到你要守护,四川文艺出版社,¥22.50,235.
埃克苏佩里,64502条评论,小王子（新课标，教育部、清华附小推荐必读书目，入选苏教版语文,辽宁少年儿童出版社,¥8.90,236.
乔一,274463条评论,"我不喜欢这世界,我只喜欢你",湖南少年儿童出版社,¥17.10,237.
马克·李维,1053309条评论,偷影子的人（2018新版）,湖南文艺出版社,¥27.40,260.
郑渊洁,145977条评论,郑渊洁四大名传（全4册）,浙江少年儿童出版社,¥59.00,275.
余华,72443条评论,兄弟（新版）,作家出版社,¥24.50,276.
庆田朋子,36143条评论,护肤全书（每天1个护肤小知识，1日1美活，陪你度过一年365天）,江苏凤凰文艺出版社,¥27.30,277.
蔡康永,285024条评论,蔡康永的说话之道套装（全二册）,湖南文艺出版社,¥32.50,278.
卡尔森,97455条评论,我喜欢自己,河北教育出版社,¥20.90,401.
袁腾飞,143215条评论,这个历史挺靠谱：袁腾飞讲历史（全三册）,湖南人民出版社,¥49.50,366.
桑妮,141083条评论,且以优雅过一生：杨绛传（杨绛传记的标杆之作）,湖南文艺出版社,¥16.00,367.
尼尔.布朗,189353条评论,学会提问（原书第10版）（批判性思维领域的“圣经”，看见柴静诸,机械工业出版社,¥22.50,368.
村井贞之,98683条评论,夏目友人帐,百花洲文艺出版社,¥16.40,344.
格里贝利,87349条评论,走进奇妙的几何世界（全6册）,浙江教育出版社,¥44.50,345.
曹文轩,195772条评论,草房子（当当网定制版）,天天出版社有限责任公司,¥12.50,346.
efuca.伊藤由香,72219条评论,我的专注力训练游戏（全3册）,化学工业出版社,¥29.70,347.
罗娜·雷纳,80650条评论,不吼不叫：如何平静地让孩子与父母合作,上海社会科学院出版社,¥16.40,348.
丹尼尔·戈尔曼,31668条评论,情商：为什么情商比智商更重要,中信出版社,¥42.80,349.
博多·舍费尔,70381条评论,财务自由之路：7年内赚到你的第一个1000万（团购电话:4001066666,现代出版社,¥22.50,350.
彼得·布朗,11637条评论,认知天性：让学习轻而易举的心理学规律,中信出版社,¥36.60,291.
李文儒,33345条评论,故宫院长说故宫 图文并茂 全彩精装,天地出版社,¥34.00,292.
刘慈欣,1976条评论,流浪地球：刘慈欣获奖作品集,长江文艺出版社,¥27.00,293.
余秋雨,73231条评论,文化苦旅 新版,长江文艺出版社,¥22.80,294.
海明威,109343条评论,老人与海（新版！未删节插图珍藏版，《暗算》作者、茅奖得主麦家,浙江文艺出版社,¥19.90,295.
杨伯峻,182729条评论,论语译注（简体字本）  2017修订新版,中华书局,¥17.60,296.
张爱玲,170162条评论,张爱玲全集02：红玫瑰与白玫瑰（2012年全新修订版）,北京十月文艺出版社,¥21.00,297.
尤瓦尔·赫拉利,67845条评论,人类简史三部曲： 人类简史+今日简史+未来简史,中信出版社,¥122.40,327.
怀德,40308条评论,草原上的小木屋 曹文轩推荐儿童文学经典书系 12000多名读者热评！,北京教育出版社,¥12.90,328.
张乐平,47492条评论,三毛流浪记全集（彩图注释版）,少年儿童出版社,¥75.00,329.
田秉锷,44110条评论,毛泽东诗词鉴赏(手迹出处权威，可以作为语言表达之外具象化的补充,上海三联书店,¥17.50,330.
郑渊洁,30839条评论,舒克贝塔传（全10册）,浙江少年儿童出版社,¥100.00,331.
华杉,77572条评论,华杉讲透《孙子兵法》（独家精装珍藏版）,江苏文艺出版社,¥24.90,332.
巴金,3510条评论,家（“教育部统编《语文》推荐阅读丛书”）,人民文学出版社,¥37.20,305.
余华,316103条评论,第七天（2018版）,新星出版社,¥29.60,306.
大冰,693342条评论,我不（大冰作品。十个月狂销200万册，不容错过的奇书！）,湖南文艺出版社,¥21.50,307.
林海音,129492条评论,城南旧事（新课标，“华语文坛祖母”林海音怀念童年的自传体短篇,安徽教育出版社,¥14.80,308.
申惠恩,68538条评论,你好！数学套装珍藏版（套装30本）,湖北少儿出版社,¥120.00,309.
尼·奥斯特洛夫斯基,8500条评论,钢铁是怎样炼成的（未删节全译本）,江苏文艺出版社,¥23.30,310.
威廉西尔斯,140063条评论,西尔斯亲密育儿百科（最新修订版）,南海出版公司,¥44.80,311.
罗尔德·达尔,191014条评论,罗尔德·达尔作品典藏 查理和巧克力工厂,明天出版社,¥16.13,387.
岸見一郎,52723条评论,被讨厌的勇气：“自我启发之父”阿德勒的哲学课,机械工业出版社,¥29.00,388.
张皓宸,201431条评论,后来时间都与你有关（韩寒 何炅 谢娜 吴昕 戚薇 阚清子等明星推荐,天津人民出版社,¥19.90,389.
特蕾西·霍格,71176条评论,实用程序育儿法(新版),北京联合出版公司,¥26.40,390.
菲茨杰拉德,44364条评论,了不起的盖茨比（新版未删节！2018当当《了不起的盖茨比》销量桂,浙江文艺出版社,¥26.00,422.
屈浩,30309条评论,本味家常菜 : 凉拌、小炒、汤煲3688例,青岛出版社,¥13.80,423.
泰勒,40055条评论,斯坦福极简经济学（当当全国独家精装升级版）,湖南人民出版社,¥24.00,424.
大冰,367753条评论,乖，摸摸头（大冰作品！畅销350万册）,湖南文艺出版社,¥18.00,425.
吕思勉,44012条评论,中国通史,群言出版社,¥22.50,426.
毛姆,80344条评论,月亮与六便士（2019彩插新版，赠英文原版，“一本好书” 推荐。畅, 江苏凤凰文艺出版社,¥24.90,427.
洪应明,38189条评论,菜根谭—中华经典藏书,吉林美术出版社,¥19.00,428.
中国国家博物馆,44570条评论,中国国家博物馆儿童历史百科绘本（5册）,人民邮电出版社,¥120.00,238.
林汉达,228352条评论,林汉达中国历史故事集（珍藏版）,中国少年儿童出版社,¥29.50,239.
古斯塔夫·施瓦布,45541条评论,希腊神话故事（新课标，奥林匹斯诸神与英雄们的神话传奇，了解西,浙江工商大学出版社,¥18.20,240.
钱锺书,7900条评论,围城（“教育部统编《语文》推荐阅读丛书”）,人民文学出版社,¥29.50,279.
司马迁,147175条评论,史记（精装新版，全三册）,岳麓书社,¥64.00,402.
金伯莉·布雷恩,93463条评论,你就是孩子最好的玩具,南方出版社,¥14.90,403.
Highlights杂志社,228168条评论,美国经典专注力培养大书 （全8册）,湖南少年儿童出版社,¥80.00,404.
邱锦伶,26621条评论,孙俪推荐：瘦孕（增订升级版，新增40%的新鲜内容）,湖南科技出版社,¥27.50,405.
余华,44945条评论,在细雨中呼喊（新版）,作家出版社,¥16.50,369.
玛莉,148160条评论,小兔汤姆旅行版（全26册）,海燕出版社,¥63.00,370.
真果果,242907条评论,宝宝学说话系列 第1辑  语言启蒙（全5册）,中国人口出版社,¥22.50,371.
米切尔·恩德,135813条评论,永远讲不完的故事(新译本),２１世纪出版社,¥22.50,351.
果麦,308368条评论,给孩子读诗（畅销100万册纪念，全新升级AR版，扫码免费收听。闫妮,浙江文艺出版社,¥34.00,352.
威廉·西尔斯,113980条评论,西尔斯怀孕百科（全新升级版）,南海出版公司,¥30.70,353.
斯科特·派克,227587条评论,少有人走的路：心智成熟的旅程 （白金升级版）,中华工商联合出版社,¥24.60,354.
柏拉图,122560条评论,理想国,中国华侨出版社,¥17.50,355.
艾克拜尔,163729条评论,阿凡提经典故事系列丛书（全4册）,新疆青少年出版社,¥33.00,356.
刘慈欣,24365条评论,刘慈欣少年科幻科学小说系列（全五册）,广西师范大学出版社,¥55.00,357.
李泽厚,143398条评论,美的历程（李泽厚代表名作）,生活.读书.新知三联书店,¥30.80,298.
路遥,124351条评论,平凡的世界：普及本,北京十月文艺出版社,¥29.90,299.
朱光潜,28632条评论,给青年的十二封信（中学生定制版）部编教材八年级下推荐阅读书系,长江文艺出版社,¥20.20,300.
安野光雅,61443条评论,安野光雅“美丽的数学”系列 （共5册）,九州出版社,¥44.00,333.
成语大词典,131232条评论,成语大词典（彩色本）最新修订版 60000多名读者热评！团购电话40,商务印书馆国际有限公司,¥64.90,312.
安妮·默勒,162221条评论,一粒种子的旅行,南海出版公司,¥26.30,313.
J.K.罗琳,165413条评论,哈利·波特（套装1-7册）《语文》教材推荐阅读书目，外国儿童文学,人民文学出版社,¥285.90,314.
东野圭吾,103430条评论,新参者（2016版）,南海出版公司,¥19.75,315.
歪歪兔关键期早教项目组,165094条评论,不用说，孩子就会听——歪歪兔逆反期教育系列图画书（全8册）,海豚出版社,¥37.50,316.
希利尔,167055条评论,希利尔讲世界史、世界地理、艺术史 套装,贵州教育出版社,¥68.20,317.
陈磊,491864条评论,半小时漫画中国史2（《半小时漫画中国史》系列第2部，其实是一本,海南出版社,¥19.90,318.
汤木,359531条评论,将来的你，一定会感谢现在拼命的自己,天津人民出版社,¥16.00,441.
林海音,65389条评论,城南旧事：一部触动千万读者灵魂的童年离骚,江苏人民出版社,¥14.00,391.
保罗,60517条评论,答案之书(我的人生解答书),百花洲文艺出版社,¥19.00,392.
加古里子,64802条评论,乌鸦面包店（全5册）,新星出版社,¥39.70,393.
毛姆,199346条评论,译文经典精装系列·月亮和六便士(看“一本好书”，在当当享阅读之,上海译文出版社,¥18.00,394.
西格蒙德·弗洛伊德,245677条评论,梦的解析（软精装珍藏本）,国际文化出版公司,¥18.00,429.
约翰C.马克斯维尔,108487条评论,"领导力21法则:追随这些法则,人们就会追随你(团购电话4001066666转",文汇出版社,¥22.50,430.
彼得·渥雷本,4927条评论,森林的奇妙旅行,北京联合出版有限公司,¥30.00,431.
剑圣喵大师,85289条评论,掌控情绪，从来都不靠忍（别让情绪掌控你的人生）,长江文艺出版社,¥27.20,432.
吴楚材,135798条评论,古文观止（上下）,浙江教育出版社,¥24.40,433.
赵国庆,103743条评论,小学思维训练：思维导图,北京师范大学出版社,¥23.70,434.
慈怀读书会,109812条评论,把生活过成你想要的样子,北京联合出版公司,¥16.40,435.
李诞,79060条评论,笑场（2017精装版）,湖南文艺出版社,¥18.00,280.
萧红,163883条评论,呼兰河传（《呼兰河传》和《生死场》的合编本）,北京联合出版公司,¥12.30,406.
郑渊洁,37338条评论,皮皮鲁和鲁西西流星系列（包含驯兔记等共9册）,浙江少年儿童出版社,¥77.00,407.
彼得,84918条评论,穷查理宝典：查理·芒格智慧箴言录（增订本）,中信出版社,¥101.20,408.
中央党校采访实录编辑室,83639条评论,习近平的七年知青岁月              100册以上团购请联系电话010,中共中央党校出版社,¥49.90,372.
马东,202426条评论,好好说话：新鲜有趣的话术精进技巧（团购，请致电010-57993380）,中信出版社,¥28.50,373.
余华,19730条评论,河边的错误 （《活着》余华畅销30年ZUI佳中篇小说集）,时代文艺出版社,¥21.00,374.
横沟百,8742条评论,窝在角落好安心系列（全三册套装）,接力出版社,¥55.80,375.
梅子涵,5918条评论,会说话的汉字（全3册，当当独家配备《亲子阅读指导手册》）,青岛出版社,¥74.00,376.
李劲,67310条评论,别输在不会表达上,古吴轩出版社,¥16.80,377.
奥斯丁,40161条评论,傲慢与偏见 世界名著典藏,中央编译出版社,¥10.00,358.
马西米利亚诺,145214条评论,那不勒斯的萤火（被誉为欧美文坛近十年来的“灯塔”巨作，跟《追,百花洲文艺出版社,¥21.00,359.
台湾牛顿出版股份有限公司,34641条评论,小牛顿科学馆：全新升级版 （科学蓝，30册礼品装）,接力出版社,¥300.00,360.
木心,138994条评论,文学回忆录（木心留给世界的礼物，陈丹青五年听课笔录）,广西师范大学出版社,¥58.80,319.
李宗吾,28947条评论,厚黑学（全集典藏版）,中国友谊出版公司,¥34.00,320.
菲比·吉尔曼,286583条评论,信谊世界精选图画书·爷爷一定有办法,明天出版社,¥33.63,334.
埃里克·马瑟斯,63925条评论,Python编程 从入门到实践,人民邮电出版社,¥62.00,335.
克里斯蒂娜·沃特克,17979条评论,OKR工作法：谷歌、领英等公司的高绩效秘籍（团购，请致电010-579,中信出版社,¥25.80,336.
陈磊,492167条评论,半小时漫画中国史（修订版）（其实是一本严谨的极简中国史。团购,江苏文艺出版社,¥19.90,337.
邱丙军,10025条评论,中国人的二十四节气,化学工业出版社,¥24.90,338.
蒙曼,26529条评论,四时之诗：蒙曼品最美唐诗,浙江文艺出版社,¥24.80,339.
阿尔弗雷德·阿德勒,37791条评论,自卑与超越（也译作《超越自卑》）“生命对你来说可以意味着什么,民主与建设出版社,¥12.60,340.
马薇薇,32267条评论,好好说话2：简单有效的高情商沟通术,北京联合出版有限公司,¥27.50,395.
张立辉,129444条评论,很杂很杂的杂学知识：拿得起放不下的学问书（让百度疯狂，谷歌抽,中国画报出版社,¥17.30,396.
博多·舍费尔,97908条评论,小狗钱钱套装（全2册）,四川少儿出版社,¥60.00,397.
吴承恩,127471条评论,西游记原著版（上、下册）七年级上册必读（1-9年级必读书单）,人民文学出版社,¥26.00,398.
童笑梅,66780条评论,宝宝辅食添加每周计划,化学工业出版社,¥24.90,399.
美国尼克儿童频道,101028条评论,汪汪队立大功儿童安全救援故事书 全10册（中国儿童必备安全救援故,天地出版社,¥64.00,400.
郭德纲,24800条评论,郭论（郭德纲2018年重磅新作）,湖南文艺出版社,¥27.40,442.
埃德加·斯诺,251562条评论,红星照耀中国（青少版）人民文学出版社,人民文学出版社,¥26.00,443.
芭芭拉库尼,209654条评论,花婆婆,河北教育出版社,¥25.90,444.
老舍,20671条评论,茶馆（精装）,湖南文艺出版社,¥17.50,445.
汉竹,63884条评论,爸爸的声音  最好的胎教（汉竹）,江苏科学技术出版社,¥19.90,446.
曾旻,4082条评论,情绪的重建：如何应对生活中的情绪困扰,天地出版社,¥19.90,447.
王秀梅,134087条评论,诗经（上下册精装）（中华经典名著全本全注全译）,中华书局,¥37.20,448.
李敖,1858条评论,李敖回忆录（大师珍藏版）【当当全国独家】,台海出版社,¥29.80,449.
岩井俊雄,110193条评论,100层的房子【新版】（纵开式畅销绘本3册套装， 100层的房子+地下,北京科学技术出版社,¥58.50,450.
范志红,41040条评论,范志红详解孕产妇饮食营养全书,化学工业出版社,¥24.90,436.
乔斯夫托普森,69197条评论,我的大画本（全3册）,陕西人民教育出版社,¥43.20,437.
曾国藩,117978条评论,曾国藩家书—中华经典藏书(精装珍藏本),中国画报出版社,¥14.90,438.
尼·奥斯特洛夫斯基,2986条评论,钢铁是怎样炼成的(教育部统编《语文》推荐阅读丛书),人民文学出版社,¥27.90,439.
南派三叔,136410条评论,盗墓笔记：六周年完美纪念套装（盗墓笔记全套，全集独家附赠：《,上海文化出版社,¥147.60,440.
曾鸣,9368条评论,智能商业  曾鸣新书   马云作序推荐,中信出版社,¥43.00,409.
王小波,72307条评论,沉默的大多数（手稿珍藏版）,北京十月文艺出版社,¥22.00,410.
米切尔·恩德,106593条评论,毛毛(米切尔·恩德作品典藏),２１世纪出版社,¥15.00,378.
龙应台,137399条评论,龙应台“人生三书”全3册套装,广西师范大学出版社,¥65.30,379.
亚米契斯,113874条评论,爱的教育（新课标，夏丏尊先生流芳90年经典译本，享誉世界的儿童,安徽教育出版社,¥14.80,380.
沈从文,6549条评论,边城,北京十月文艺出版社,¥19.70,481.
金庸,68716条评论,金庸作品集(朗声旧版)金庸全集(05－08)－射雕英雄传(全四册)（1-,广州出版社,¥67.70,451.
乔安娜柯尔,1145523条评论,神奇校车大家族（全73册）,贵州人民出版社,¥414.00,452.
南朝·宋,71179条评论,世说新语（修订版） 无障碍阅读 学生版,北京教育出版社,¥17.40,453.
菅波,13707条评论,宝宝喜爱的睡前胎教故事：Honey，听，最美胎教故事,中国轻工业出版社,¥16.40,411.
尼.奥斯特洛夫斯基,73344条评论,钢铁是怎样炼成的（最新版）语文新课标必读丛书/义务教育部分,人民文学出版社,¥16.30,412.
罗贯中,94549条评论,三国演义（上 下 ）（全二册）（1-9年级必读书单）,人民文学出版社,¥24.40,413.
康恩·伊古尔登,114696条评论,男孩的冒险书（少儿绘图版，全三册）,广西科学技术出版社,¥99.00,414.
李敖,2847条评论,北京法源寺（李敖作品大师珍藏版）【当当全国独家】,台海出版社,¥19.90,415.
西汉,72413条评论,史记（新课标）,浙江教育出版社,¥16.70,416.
马歇尔·卢森堡,39172条评论,非暴力沟通[珍藏版]（当我们褪去隐蔽的精神暴力，爱将自然流露。,华夏出版社,¥33.80,417.
索尼国际教育公司,4815条评论,神奇的逻辑思维游戏书,北京日报出版社（原同心出版社）,¥22.50,418.
刘慈欣,35245条评论,时间移民（2014中国好书榜获奖图书，刘慈欣中短篇小说集）,江苏文艺出版社,¥16.00,419.
奥格,54878条评论,《世界上最伟大的推销员》（风靡当今西方世界的商业圣经  营销大,世界知识出版社,¥12.90,420.
张乐平,339523条评论,三毛流浪记（彩图注音读物）,少年儿童出版社,¥30.00,454.
度阴山,93337条评论,知行合一王阳明大全集（1+2+3+传习录，套装共4册）,北京时代华文书局,¥72.00,455.
鲁迅,143616条评论,朝花夕拾（新课标修订版）,安徽教育出版社,¥13.30,456.
李尚龙,189367条评论,你只是看起来很努力（全新修订版）,北京联合出版有限公司,¥28.40,457.
朱慧兰,99385条评论,阶梯数学·4岁 （共5册）,北京科学技术出版社,¥35.00,458.
戴尔·卡耐基,54769条评论,卡耐基人际交往心理学 : 别输在不懂人情世故上,中国国际广播出版社,¥19.90,459.
儒勒·凡尔纳,14316条评论,海底两万里 七年级下 人教版名著阅读课程化丛书 教育部统编教材推,人民教育出版社,¥37.60,460.
龙应台,260428条评论,"孩子你慢慢来：龙应台""人生三书""之一（彩插新版）",广西师范大学出版社,¥19.30,482.
David,104386条评论,DK万物运转的秘密（斩获文津奖、安万特图书奖，从生活细微处着手,电子工业出版社,¥64.00,483.
东野圭吾,305330条评论,秘密 （东野圭吾创作生涯里程碑）,南海出版公司,¥33.70,484.
大冰,348114条评论,阿弥陀佛么么哒（大冰作品！畅销300万册）,湖南文艺出版社,¥19.00,485.
鲁迅,116323条评论,阿Q正传（“精神胜利法”的悲喜剧，另收录《狂人日记》等鲁迅名篇,北京联合出版公司,¥9.00,486.
林格伦,21176条评论,林格伦作品集·美绘版——淘气包埃米尔,中国少年儿童出版社,¥12.50,487.
阿耐,31452条评论,大江大河四部曲（电视剧《大江大河》原著小说，王凯、杨烁、董子,北京联合出版有限公司,¥160.00,488.
秋叶,58272条评论,和秋叶一起学PPT 第3版：又快又好打造说服力幻灯片(别告诉我你懂,人民邮电出版社,¥49.50,489.
沈复,108581条评论,浮生六记（汪涵胡歌推荐！全新升级修订版！全译全注，无需古文基,浙江文艺出版社,¥25.50,490.
安徒生,77988条评论,安徒生童话（新课标，伴随一代代孩子们成长的童话故事，著名儿童,安徽教育出版社,¥15.20,491.
儿童英语研究小组,1510条评论,英语单词情境认知大书,青岛出版社,¥64.00,492.
科恩,166625条评论,游戏力畅销版套装（全3册）[精选套装],中信出版社,¥60.20,493.
郑渊洁,147938条评论,郑渊洁给孙女的好习惯书：十二生肖童话绘本,天津人民出版社,¥67.50,494.
刘慈欣,17099条评论,三体Ⅱ 黑暗森林（典藏版）,重庆出版社,¥25.20,495.
麦克尔·莫斯利,109048条评论,轻断食：正在横扫全球的瘦身革命,广东科技出版社,¥18.40,496.
珍妮特·温特森,39183条评论,橘子不是唯一的水果,北京联合出版有限公司,¥24.50,497.
刘永昭,65292条评论,数学绘本（全36册）,长春出版社,¥126.00,498.
HIT公司,54778条评论,托马斯和朋友宝宝睡前故事（30册）,人民邮电出版社,¥49.00,499.
北猫,106504条评论,米小圈上学记三年级（套装共4册）,四川少儿出版社,¥50.00,500.
林世仁,86256条评论,字的童话（全7册）,贵州人民出版社,¥49.00,461.
戴维·迈尔斯,84683条评论,社会心理学（第11版）,人民邮电出版社,¥82.00,462.
刘慈欣,12079条评论,三体（精装纪念版）,重庆出版社,¥167.50,463.
吴涵碧,90861条评论,吴姐姐讲历史故事(精美盒装，青少版，全15册）,新世界出版社,¥199.00,464.
弗雷德里克·巴克曼,43602条评论,清单人生（霍思燕推荐。巴克曼继《外婆的道歉信》新作。人生有一,天津人民出版社,¥24.40,465.
简·尼尔森,98453条评论,《3～6岁孩子的正面管教》,北京联合出版公司,¥21.00,466.
丹尼尔·笛福,20607条评论,鲁滨逊漂流记（精装版）（语文新课标课外阅读书目国家教育部推荐,江苏文艺出版社,¥23.80,467.
随园散人,63276条评论,李清照传：半生烟雨，半世落花,人民交通出版社,¥17.80,468.
阿加莎.克里斯蒂,107584条评论,东方快车谋杀案：阿加莎·克里斯蒂侦探作品集04（英格丽·褒曼凭,新星出版社,¥15.50,469.
理查德·道金斯,74186条评论,见识城邦·见识丛书25：自私的基因（40周年增订版） ,中信出版社,¥43.00,470.
YOYO出版社,33735条评论,原声触摸发声书：听，什么声音（套装全6册）,中国环境出版社,¥165.00,471.
北猫,42747条评论,姜小牙上学记（套装共4册）,四川少儿出版社,¥45.00,472.
莫琳·希凯,28334条评论,深度思考：不断逼近问题的本质,江苏凤凰文艺出版社,¥24.00,473.
英国DK公司,64163条评论,DK儿童百科全书系列超值礼品套装（精装全5册）（2018年全新修订版,中国大百科全书出版社,¥330.00,474.
尤瓦尔·赫拉利,644790条评论,今日简史：人类命运大议题（《人类简史》《未来简史》作者2018年,中信出版社,¥44.00,475.
肖卫,114368条评论,为你自己读书,中国华侨,¥13.40,476.
吴军,50462条评论,见识 吴军 首部认知升级类著作,中信出版社,¥33.70,477.
施耐庵,84176条评论,水浒传（上下册）（全两册）——中国古典文学读本丛书（九年级上,人民文学出版社,¥28.40,478.
村上春树,151298条评论,挪威的森林（精装，村上春树影响几代读者的畅销青春名作，特有的,上海译文出版社,¥30.70,479.
陈卫平,116743条评论,写给儿童的世界历史（全16册）,贵州教育出版社,¥206.40,480.
